<?xml-stylesheet type='text/xsl' href='prgs.xsl'?><Objects>
  <Charset>UTF-8</Charset>
  <Path>file:///C:/Program Files (x86)/GeneXus/GeneXus17Trial/</Path>
  <Object>
    <ObjCls>0</ObjCls>
    <ObjName>TransaccionDePrueba</ObjName>
    <ObjDesc>Transaccion De Prueba</ObjDesc>
    <ObjLink>transacciondeprueba.aspx</ObjLink>
  </Object>
  <Object>
    <ObjCls>13</ObjCls>
    <ObjName>Home</ObjName>
    <ObjDesc>Home</ObjDesc>
    <ObjLink>home.aspx</ObjLink>
  </Object>
  <Object>
    <ObjCls>13</ObjCls>
    <ObjName>WWEmpleados</ObjName>
    <ObjDesc>Empleadoss</ObjDesc>
    <ObjLink>wwempleados.aspx</ObjLink>
  </Object>
  <Object>
    <ObjCls>13</ObjCls>
    <ObjName>WWCompra_inventario</ObjName>
    <ObjDesc>Compra_inventarios</ObjDesc>
    <ObjLink>wwcompra_inventario.aspx</ObjLink>
  </Object>
  <Object>
    <ObjCls>13</ObjCls>
    <ObjName>WWVentas_inventario</ObjName>
    <ObjDesc>Ventas_inventarios</ObjDesc>
    <ObjLink>wwventas_inventario.aspx</ObjLink>
  </Object>
  <Object>
    <ObjCls>13</ObjCls>
    <ObjName>WWTipo_empleado</ObjName>
    <ObjDesc>Tipo_empleadoes</ObjDesc>
    <ObjLink>wwtipo_empleado.aspx</ObjLink>
  </Object>
  <Object>
    <ObjCls>13</ObjCls>
    <ObjName>WWEstado_empleado</ObjName>
    <ObjDesc>Estado_empleadoes</ObjDesc>
    <ObjLink>wwestado_empleado.aspx</ObjLink>
  </Object>
  <Object>
    <ObjCls>13</ObjCls>
    <ObjName>WWClientes</ObjName>
    <ObjDesc>Clientes</ObjDesc>
    <ObjLink>wwclientes.aspx</ObjLink>
  </Object>
  <Object>
    <ObjCls>13</ObjCls>
    <ObjName>WWInventario</ObjName>
    <ObjDesc>Inventarios</ObjDesc>
    <ObjLink>wwinventario.aspx</ObjLink>
  </Object>
  <Object>
    <ObjCls>13</ObjCls>
    <ObjName>WWEstado_producto</ObjName>
    <ObjDesc>Estado_productoes</ObjDesc>
    <ObjLink>wwestado_producto.aspx</ObjLink>
  </Object>
  <Object>
    <ObjCls>13</ObjCls>
    <ObjName>WWCategoria_producto</ObjName>
    <ObjDesc>Categoria_productoes</ObjDesc>
    <ObjLink>wwcategoria_producto.aspx</ObjLink>
  </Object>
  <Object>
    <ObjCls>13</ObjCls>
    <ObjName>WWMarca_producto</ObjName>
    <ObjDesc>Marca_productoes</ObjDesc>
    <ObjLink>wwmarca_producto.aspx</ObjLink>
  </Object>
  <Object>
    <ObjCls>13</ObjCls>
    <ObjName>WWProveedores</ObjName>
    <ObjDesc>Proveedores</ObjDesc>
    <ObjLink>wwproveedores.aspx</ObjLink>
  </Object>
  <Object>
    <ObjCls>13</ObjCls>
    <ObjName>WWTipo_proveedor</ObjName>
    <ObjDesc>Tipo_proveedors</ObjDesc>
    <ObjLink>wwtipo_proveedor.aspx</ObjLink>
  </Object>
  <Object>
    <ObjCls>13</ObjCls>
    <ObjName>Login</ObjName>
    <ObjDesc>Login</ObjDesc>
    <ObjLink>login.aspx</ObjLink>
  </Object>
  <Object>
    <ObjCls>1</ObjCls>
    <ObjName>Procedure_Compra</ObjName>
    <ObjDesc>Procedure_Compra</ObjDesc>
    <ObjLink>aprocedure_compra.aspx</ObjLink>
  </Object>
  <Object>
    <ObjCls>1</ObjCls>
    <ObjName>Procedure_Proveedores</ObjName>
    <ObjDesc>Procedure_Proveedores</ObjDesc>
    <ObjLink>procedure_proveedores.aspx</ObjLink>
  </Object>
</Objects>